Oh pardon me, I was just showing scrote
Why do puppies smell so good??And why do they stop smelling so good eventually?
Im high and putting cream cheese on the leftover papa johns again
So upset with this one dude over this one thing
Its always a race with the clock to get to McDonalds before breakfast ends and I never win
Like a Prayer is one of those songs where you can be doing any menial task but if its on in the background, it feels like youre in a movie
Elon tweeting Lithium lyrics? Hmmm
Thinking about getting a stick and poke of Dry Bones
Taking my Lexapro with cabarnet on this lovely Monday morning
Sorry I was late to work, I was busy coming up with a tweet about how I identify as an Animaniac.
Just saw my favorite drive thru guy at the Taco Bell on grand and he asked me where Id been 
Cant wait to resume my lifes work of serving burgers to the upper-middle class tomorrow
Is anything funny??? Could use a laugh
Set the baby pool up on a slope so I can have a deep end and a shallow end
Im so good at staying up til 4 am and still getting 10 hours of sleep. Makes 5:00 pm feel like morning 
I pay $350 a month for health insurance so I can go to therapy once a week and say things like, I think I love sel https://t.co/9bKtEKNirv
Live fast die young bad girls do it well etc. etc.
I did it (paid $5 to watch the butterfly effect)
I hold my juul while doing planks thats how committed I am
To write jail support on her arm
Could literally fill a quart container with my feet sweat
Reporting all the cops on tinder until I am inevitably banned for reporting all the cops on tinder
Karens are nasty racist old white women. Carols are just your sad, unmarried aunts.
People doing the blackout on Tinder...now THATS counterproductive
Guys asking me if they should listen to the new charli xcx.. I dunno dude. Do you want to?????
Kind of a bad day for girls whose whole personality is going to target
Please god please get the lyric girls dont like boys girls like cars and money out of my head its 2:38 am I want peace
About to put my hole on my close friends story
Nothing to do but steal from Walmart
I want to smoke the juul and have it feel like the first time
I always go back and forth arguing with myself over whether or not I possess self-control
No ones ever told me i had a bad personality so I know it has to be my face
Keep trying to turn off evil mode its not working :/
sake/monster bomb burps WILL keep ppl 6ft away!! y is W.H.O not reporting this??
You know when you want to sing along so bad but you actually  dont know any of the words? Thats me and Bruce
Why did twitter delete all my drafts its seriously so unfair I was using that shit as my journal 
Plucking my titty hairs and ignoring texts
Azealia banks putting her whole damn colonoscopy on her Instagram story
Ugh I just matched with the hottest dad on tinder goodnight Im having one!
I am never bored i wish time would go slowrr!!!!
Uh oh my bot tweeted at an unscheduled time. Shes out of control
Michael Cohen looking kinda hot coming out of jail sue me
Who wants to take me fishing today?
Im on the cid and everyone on tinder looks like aliens
Im tripping so I dont want to be perceived but I still want to post
Little excuse me vert
I dont believe in platonic relationships. If you know me, its romantic
Whose feelings were hurt by future today
Gonna take a dab and read a book
Aw I just saw the guy who I had my first sex dream about in 7th grade on tinder. What if we get married
My bot is supposed to start tweeting today
Hes taken his gorgeous pills and hes on to hilarious mode
I cant cook but I can make homemade cum
My only happiness is working out for an hour and then flexing for an hour
The guy in the tecate commercial is SEXY
Ive had two Italian subs this week because Im horny horny horny for cured meats and I have to say without a doubt https://t.co/tX3trEwXyg
I want to know what lorde means by on the way though
Kind of insane the bad things that will happen to you if you just let them
I hate Geminis
Ive been having fun recently ngl I think its the soda
They put cumin in the jack n the box tacos I swear I can taste it damn these sons of bitches are so good!!!!!!
I rub my fingers around on my carpet and find the hair of someone who hurt my feelings. Just a fun way to pass the time
It sucks that I am jealous of everyone who has the mental health to make breakfast for themselves
Im about to be mean
Im drunk alone watching love island got my ceiling fan on
Being British is a female trait
I cant believe I just got hacked by the ray ban dude
I need to stop saying going Buddha mode every time I put off eating until 6 pm
My boy neighbor just invited me to hangout with the boys in the backyard. Let me cry and smoke my cigarette in peace please and thank you
Deciding which of my friends Im going to burden with my tears tonight
Can someone talk smart to me about my Venus in Scorpio rn
My body is covered in hives can you goPuff a x*n*x???
Its a quarter after one and you know the rest
There is a guy in stl and he should get covid
I want revenge. Does anyone know a good way to go about that?
Bout to go joker mode
Theres really no reason to complain about being bored when Im sure you have ingrown hairs on your legs that need tending to
This has been another fun day of being extremely online
Punishing myself with another night of sleeping on the couch because Im too stinky for my fresh sheets. Its hard being married to me.
I get excited when my DoorDash person has a hot name
Ive had a hamburger and a hot dog today
This show is making me miserable
Fuck I dont like Normal People but Im going to watch the whole thing in one sitting right now
I didnt know drinking monster could feel so much like taking acid
I want a tony soprano type but I dont want him to cheat
Gonna get drunk off scotch today the wheels are already in motion
I hate when I get hung up on a dude. Ill be watching a commercial and be like, ohhhh we watched this one together  stfu carol!!!
A commercial saying everyones doing what they can and then its just a white dude washing his hands
Took a shower shaved my legs and put new sheets on my bed for a little special treat
Sometimes you gotta take that juul pod out and flip it around then you can go into blast off mode
Ive had crab rangoon 40 times in quarantine
Everyone puts their coffee in the fridge and pretends its cold brew the next day right?
You used to call me on my cellular device at night
Cinnamon Toast Crunch is god tier
Sad I dont have any thotty pics of my mom to share
I hate social media on days like this (not about me)
Whenever I switch from my finsta back to my main account the lights in my house flicker
AJ reading Yeats??? Weve seen everything
Bobby did mushrooms once. Stuffed mushrooms. Whole fucking platter!!
This girl in my unit has boys over and theyre really whooping it up and I dont want to be hearing boys having fun right now
Waiting for the sun to go down so I can finally watch tv without that annoying glare
God it feels good to be an angel
Realizing my feet need the immediate attention of socks
If I never spent money on weed I could be a landlord
I want to be EsseNtiL to you
Sad that a guy has already unfollowed my finsta
Interestingggggggggg 
Im being on brand (pathetic)
Carmela in Paris
My house smells I want out
Were making fun of you in the chat babe
I wanna be the one in charge of killing those hornets
Ordering dominoes and jumping in the shower absolutely feel free to text my cell phone number
Brushing my teeth for 10 minutes straight is a luxury I can afford myself baby
A lil baja blast tequila sip and then you hit the juul.... god tier
Drinking tequila while simultaneously laying logs. Is there anything I cant do
A big thank you to the boys
That girl wacky she post hole on the finsta
I have a crush! bazinga state of mind achieved!
I only tweet to drafts now and honey you should try it
No nicotine in 8 hours And Ive cried 3 times
I only have two things on the agenda: get my body rock solid and smoke the juul
I found 6 ticks on me tonight ://// and I didnt even get one morel
seeing a vagina on instagram is good luck, like finding a four-leaf clover
Uh oh the alley cats are having scary sex outside my window
I was trying to have a Willie Nelson summer
Okay Im horny for this teacher trying to get Carmela to read Madame Bovary
I hate the opening song of sopranos 
The whole day just goes
Im gonna cry to tove lo
Sending really moody indie-folk songs from high school to Andrew every night around 1:00 am
This is so deck
When a man in the sopranos has white hair I do struggle with telling them apart also I cant stop staring at my phone
Even now I dont have time to read Wuthering Heights too busy staring at all the keef in my keef catcher
Deep cleaning and listening to Frank (Amy) dont text
How many guys have told you to chill this week be honest
I could go for a fruit and a vegetable
You look a little moosha moosh
I cant think and text at the same time
I have 39 videos on my phone of me doing front facing karaoke to see what I look like when I sing
Jared leto goes live on Instagram 83 times per day
Sopranos is good cuz every episode is like a movie. The one where Christopher and Paulie are lost in the woods...cinematic
All my life hitting the wrong side of the juul
Bill Clinton and bad music taste you love to see it
Sippin on a lil Coke-e-cola
The girl below me is watching too hot to handle
Celexa, Latudah and Cymbalta get your asses over here!!!
I hate watching sopranos when Im hungry
Yall have never seen an ugly ass bald two and a half year old before and it shows
If my parents had a pool this would be easy peasy
The girl below me is doing a pretty decent rendition of Rihannas take a bow
You ever stick your finger in your ear and cause like a mini orgasm in that S.O.B
Cant wait to get off the zoom so I can take a dab
I been making inside jokes with myself
Baby if you want to leave come to California be a freak like me too LDR
All I wanna do is get high by the beach LDR
Im wearing jeans and a robe right now because Im a future marine and a hippie 
Not even steak and a Diet Coke can cheer me up tonight
You literally cant do homework if youre this lonely rules are rules
This whole thing sucks because Im allergic to running errands by myself
Thinking about taking my lexapro again lol
Its so easy to laugh at yourself! Im doing it right Now!
Writing comedy dont text
Cookie dont push me
Stretching for 45 minutes 2x day is the new normal
I did the best thing I could for myself this morning which was listen to the new Fiona album two times in a row whi https://t.co/4gw8brZSzW
Doing that thing where I sweat and cry and laugh and my teeth chatter lmaoooo
total mental meltdown day hahahahahahahahahhaaghaahhahahaahahahahahhahaahhahahahahahahahahahahahagagagaggaaggagagagagagagagagagagawg
Limited Too should do a pop up shop
Last night I went to bed at 10:30 and woke up at 8. I took a shower, did school work all day, and now Im making di https://t.co/uWigLtjohx
Honey Im addicted to picking my split ends
I keep holding that crow yoga pose for like 7 seconds and no ones around to be impressed :(
The thing about Blair Waldorf is she has toe thumbs
Fuck yeah joe exotics campaign manager 
At the end of every episode Im like  now wait a minute!? then the next one starts
This guy has been coming to my neighbors back door routinely throughout quarantine. Hell stand on her walkway and https://t.co/DxTBMXpCjl
Been thinking about my Easter Sunday fit all week wish Bobby was here to lend me something with lace
Straightening my hair for Jesus
I feel left out because Im not having weird dreams in quarantine
Of all the gossip girl characters Im a Georgina
shave and a haircut
Perfect weather to wear your best puffy vest out on a stroll
The girl below is listening to like a colbie caillat version of spirit in the sky
I realize Im plagued with addictive tendencies every time I open a pack of fruit snacks
I think your roommates hot https://t.co/lKAav0065b
Here I am watching eyebrow grooming videos again
Finally received my first, i had a dream about you text of the quarantine. Trying to figure out how I can boost these numbers...
The craving Im having for Turkish delight   ......
Im watching this movie and keep thinking every part is my favorite part
Might just put on Hook and have a good night
The upside of quarantine is we all have a lot of time to come up with really good Halloween costumes
Living for the drama on the tower Grove South Facebook page right now
Everyday starts at 8:30 pm when I take my shower
I like a classic GG episode juicy s and b drama chucks jaw clenched
Im going to have three boys and name them Francis, Maximilian, and Calvin. They will go by Frank, Max and Cal resp https://t.co/9Rs3qbDHFB
I have one usb wall adapter in my house and I have to share it for my phone, vibrator, and juul. Needless to say th https://t.co/CKeK6ippp2
My dishwasher sounds like Steal My Sunshine
Obviously I want to do karaoke
Its upsetting how hot I am for the Culkin brothers
And today I will manically respond to everyones Instagram stories
Being a good little girl and listening to Lorde while doing my push ups
Have to get just the right amount of nicotine buzz to convince myself to go for a run
Reading The Beautiful and Damned in my bathrobe on my balcony
I can remember so many times in my life where I was like damn I cant wait to be through with this shitty time
You can come over. I cleaned the toilet seat and burned the couch to a crisp so everything should be pretty sterile and safe!
The girl below me with no irony is belting Unwritten by Natasha Bedinthefield
Reading Joan Didions seminal 1961 essay On Self-Respect on Vogue. Com
I had my cigarette and my Diet Coke, I went on my daily run, I watched all of tiger king and I finished my puzzle. Can I be done now?
Im so sick of constantly repacking the bong
I actually am never following the plot of Gossip Girl, but its always on
Ive entered the reading poetry phase of my quarantine
Cant FaceTime busy watching the Mall livestream
I havent cried once I havent cried since 2019
Fuck everyone who has a roommate fr
Kinda sad that I did have a crush on Travis Maldonado
You know when you clink the top half of the grinder against the bottom half to make the weed fall through the holes https://t.co/Iu39g4uMOs
You really get to see how many couples there are in corona times
Man it feels so good to be in my car to go buy myself an alcoholic slushee
More people out than Ive ever seen
Ive smoked my cig and drank my Diet Coke Im ready for my daily run
Its a hot one
My mom trying to get me to come quarantine with her: you can smoke as many cigarettes on the screened-in porch as https://t.co/67Q3tzbGyY
Realizing Im definitely not an alcoholic during quarantine times... when the homies arent around I just forget th https://t.co/lX8tD5rrOW
I bought so much food to cook but now Im too depressed...so it goes
The girl who lives below me has a death wish on me I can feel it
Yes Ive been making coffee with beans that have a best by date from 2019
DIET COKE
What Joan didion should I read
The girl below me hates how many burpees I can do in a row
There is nothing else to do but get abs
If I could choose one person in the world to quarantine with it would be Dorota from Gossip Girl
Just danced while looking in my full-length mirror for a half hour and I can now confirm that I am actually hot
Nothing is funny
Still in my pajamas just made a pot of coffee
Fuck that movie there wasnt even implied fingering
Listening to perry como drinking a high abv stout
I hope I can get more kefir at the grocery store
Gonna get horny and watch the bring it on movies
Ive got my shoes on
Cant make a sandwich without wanting to post it now. Im broken.
I need a toaster
I FaceTimed my friend my ex and my grandma now what
Okay Ill say it I wouldnt mind being at work right now
I just showered and I really  recommend doing that
Covid making me realize Im ready to be a housewife
Enjoying the fuck out of the meal I just made myself...what have I become?
If I had known it was gonna be days like this I would have gone to that one show at CBGBs two Tuesdays ago
The Marilyn Minter piece above Lily van der Woodsens bed is tasteful. Love her eye for art
Just dropped my phone into my cocktail
When the gossip girl episode starts with a vampire weekend bop you know its going to be a good one
Got up at 8:30 to sit naked on my couch till 12
Im drinking a beer while filing for unemployment
Cannot believe how much the girl below me has vacuumed in the past two days. Our places are not that big wtf are you doin??
Im gonna straighten my hair for Omegle
Going to spend all day tomorrow on Omegle
Tomorrow Ill go live on Instagram
Groundhogs day but make it acid
But how high can I really get
Okay I just picked my split ends for a half hour now what
Can you explain that to me in simp mans terms?
The birds dont have covid
Im sorry but Im not self isolating. I need my fwends Im too big baby
Me grilling my therapist about her standup (did she talk about me?)
Gossip girl season 3 is almost impossible to get through but somehow I persevere
When the show is on...my eyes are on the phone. When the Vanilla Coke commercial is on? Direct eye contact, saliva filling my mouth
Youre waking up mad at me before you even brush your teeth
I dont smoke or look at my phone in my dreams
When people are doing the whole stroller with a dog thing its like stop showing off. We get it, you can multitask
Why in Gods good graces would the Hanks name their son Chet?
Feeling sorry for all the service industry people who are sitting in empty restaurants not making any money.
A guy just made me give him a fist bump because I knew what the movie Bottle Rockets was
Getting sexually harassed at work AND not making any money??? Shit my life a movie
Outside smells like paint today
A tramp stamp that says Addickted
Just spent $50 on like 3 pairs of underwear
Randomly listening to indie
These primary results are making the Bernie bros on tinder feral
Whens the girl who lives below me gonna take down the Wareen sign from her window? Youre embarrassing me sweetie
You simped for the wrong bitch
News from my bot coming to twitter in the very near future https://t.co/sWKFeDAdhR
Did anyone take any pictures of me last night when I felt hot
The sword sound in Captain Hook is curing my MH
Wildly hungover painting a portrait of Andrew
https://t.co/hawG1I3k6J
https://t.co/qRJkmmclyR
I did always feel sexiest at the father daughter dance
Bobs birthday on the fool moon 
All the simps in my life have already sent the happy international womens day text
Who hurt patsy cline?
The girl below me is doing laundry 2:16 am go off
Will drinking day old water give me the Corina viruna
Why does every guy whos ever curved me have to come into work tonight
Going through a Trina phase
I might be listening to Crime Mobs Rock Yo Hips on the way to work
Hey throat-fucker come over
Why is my anxiety yelling
Putting on dolce and gabbana light blue like Im a horny teenager at the mall
My hair grew... was kind of hoping it wouldnt
Breaking out in hives at hobby lobby
Drunk me can leave her windows open all night
Eating all these tequila soaked blackberries this am. Cant let them go to waste
I love manipulating people into loving me - Unknown
Me and Kelly watched Hes Just Not That Into You last night
Check the box Im done
I skipped class so I could go home and sweep
Listening to the mall on this beautiful day
@ChiefKeef why did you take The Cozart off spotify
Writing a tweet knowing it will stay a draft...cant a girl just get her thoughts down? Jeezus
Remember hotline bling
This choir girl has befriended me and she keeps talking about her military boyfriends manga addiction
Just opinions no facts, thats me
So happy kylies posting pictures today
One word and its neckbeard
I feel like today Im going to get everything Ive ever wanted. Hopefully this isnt too big of an expectation
I love being in my car oh my god
I love when sugar ray is playing at schnucks
Pooping while listening to Grigio Girls
8 drinks last night means my eczema can have the time of its little life
Keep trying to rub my dark circles off like its makeup from yesterday. No sweetie that is how you look
What do we think about new lady Gaga :/
Im really good at explaining leap year in case anyone has questions
Finding out terrible information omg nooooooooooo
Trying to get lunch with my ex but hes looking at apartments with his new gf
I think Kenny and Kelly are beautiful together
Hahahaha Jessica
When the Lacheys monologue.....you know theyre talking about the experiment
Love is blind doesnt have a theme song???
Fuck it jack n the box drive thru
When guys with girlfriends follow me on Instagram Im like I know what this is and its disgusting
Sitting in the back room of work in a cloud of my juul smoke feeling very sorry for myself
I can do this really crazy face haha Im doing it right now in the mirror
I just made the funniest draft ever. Lol very funny stuff. Hahahahahahaha
Letting my toes which are asleep have direct contact with my space heater
My next boyfriend will be a country singer
Gonna do something stupid tonight because I just know I am
My professor keeps saying I like big chunky text over and over again and I think its kind of funny idk maybe its not tho
Jessica is wasted out of her little damn mind
Just me and my tv straight vibing, cant stop smiling
Diamond walking away in tears shouting the lyrics to Dont Hurt Yourself
Kelly from love is blind reminds me of my therapist kind of
Okay litterally am so grateful for love is blind rn thank you Bernie
All the girls tits are OUT when they see their fiancs for the first time
My toes are numb and my armpits are sweating and Ive only had 2 donut holes for food today. How are people good at this
Its hard out there anyone agree
I could be eating raw tuna, jerking off, and watching love is blind all at the same time but none of yall would know because I live alone
love is blind
Getting addicted to love is blind in 5 4 3 2 1
I ran out of juul juice and Im closing. Everyday...dorture
Hey guys can you like my tweets from earlier...you might've missed them
Me and my therapist working through my emotional responses to reply guys
Kale is sooooo bad why do I keep subjecting myself
Growing up Catholic but taking every opportunity to describe things as goyish
Just got cut off by a bitch I hate in traffic good morning I hate it
Proud of myself for getting over my crying to Tove Lo phase
New grimes sucks anyone feel like fighting
Boys only want love if its torture - t swift
White boys wearing basketball jerseys, a plethora
Hate when the girl below me has people over (jealous tones)
My reflexes are incredible bunny you are welcome
Why do the juul make my bhole looser than the poppers ????
Always talking about how my mom is an actual angel but I just found out shes voting for Klobuchar so unfortunately I will be disowning her
Waking Andrew up to tell him I showed face tonight
Did anyone else get really sad listening to puff the magic dragon as a kid
Saying the serenity prayer out loud before I take nudes
Hear me out... FREAM
Everyone at Meramec looks like their from the country side of tiktok
Wearing a baseball cap today which makes me look and feel mean
I want a pearl necklace
I could be jerking off juuling and eating a donut all at the same time but no one would know because I live alone
I want to date someone who's busy all the time and I never see them (Im serious)
Ive been quietly painting for 4 hours now. Haven't uttered a sound. Not sure if the old voice box even works anymore.
This run through the Dunkin Donuts drive thru is shaping up to be the highlight of my week
Boys can rawt in heal
I wish I was off tonight so I could go to friendlys and watch the bachelor
Okay neighbor no more guns nighty night time 
Quick fact about me - I poop every time I pee. Really dont know how to do one and not the other
One of my favorite musicians ever is a reply guy to my Instagram stories
Like a Prayer is just about giving blowjobs
Birds are going off today
Driving keeps getting in the way of my tweet time
Listening to Ray J this lovely afternoon
Showing my therapist all my Instagram stories from this week
Me and bob talking on two socials lets make it three
Every saint has a past t shirt on and my nips are hard
I served a man named Jim Crow tonight
I simply love love
My ponytail looking great today
What part of the alphabet do you live in?
Im my own valentine lol girl boss lol
Off to hang with my ex dont text
Wish I had a career so I could make a tweet about that being my one true love
Simp shit
I havent drank or smoked a cig in 7 days.....thats all about to change 
Poppers at puzzle warehouse
Woah twitters really funny rn haha
#fofty
#moneybymonday
Watching a Halloween themed episode of gossip girl peace in my heart for the first time today
Okay I miss Bobby
Wait Bobby come back
Going out tonight with straight hair
If I listen to Vibez by DaBaby one more time today I will get brain rot
I dont like dogs, especially on a day I shower
Is there like an outdoor basketball court in town? I just want to sit on bleachers chew gum and watch boys
Is there anything worse than making eye contact with a middle aged man as he deep throats a banana
Juuling in the bathtub
I feel compelled to post thirsty pics
Why do people sweat in their sleep
Sometimes I have to play solitaire to lull my little mind to sleep
I hate twitter on Oscar night.
Happy to announce after a day and a half of not vomiting I did just puke again
Thinking about ungulates underwater
Shes just walking around smelling like mids all the time
Everyday I send my ex my Snapchat memories to remind him that on this day two years ago he loved me 
Im sick and Im bored so I have to do whats best for me and overshare
People shed and leave their hair at my house and I find it weeks later and cry
That first sip of sprite gonna be so good omg
The bathroom is so far away
Just got sent home from work for blowing chunks
Laura dern lookalike giving out giant pixie stix for Christ
At planned parenthood taking selfies in the waiting room
My mom gave me frozen chicken tetrazzini
Poppers alone
Cant wait to see Downhill rated R this Valentines Day
Sipping on this tequila soda thats been on my kitchen table for a little over three days
What if I had really big breasts
Catching my parents up on the names and faces of everyone whos hurt my feelings in the past month.
Singing the songs I want to do at karaoke tonight to my dad. He says my voice is not good but the effort is there.
Just got a keen to see you text from my British lover so you can mark me down for having a good week
Everyday is dorture
If it werent for my friends I wouldnt even know how to wipe my ass
Ugly pooping at school
Asking god to do his thing on these people in this place
Ive got the anger
Its just Groundhog Day its not Groundhogs day
This weather is putting too much pressure on me to be happy
Its beautiful out and Im miserable? Something isnt adding up....
I can taste Reids donut vape on my lips is this inappropriate Gurt lol sorry
@thotify_premium you need to apologize to me
Keep forgetting you have to tweet in order to get likes 
Just finished the first episode of Cheer and now Im listening to Bad Girls on my way to work
Im dabbing and looking in the mirror again
This guy from tinder just asked if I wanted to have a wine and paint night...Ill stay single
I put the T in Tom (is that funny?)
Is it wrong to want hooves?
Dropping a letter off at the post office, making a return at target, god I wanna be a mom so bad
Laying on my floor praying someone responds to my lunch? text
I just put an icecube in my oatmeal
I have to drive 25 minutes to go cut out shapes and glue them to a piece of paper
Thinking about that one tweet of Toms where you get out of bed to sit on your couch
Checking Andrews location to see if I have time to trim my pubes (I dont)
Whos taking me out tonight
Gurt I need my sad lamp back
Licking the lid of my nacho cheese
On the phone trying to cancel my membership to the piss and moan club
I took my shirt off at friendlys last night
A Star is Born soundtrack playing while I clean my house. Just white girl things
Listening to a girl in class tell another girl in class that she lives in the ghetto
Sometimes Im no worries and sometimes Im all worries
Sitting in my car at Kirkwood park eating Taco Bell AMA
Sometimes I put my vibrator on my ear and let my whole skull rattle
Bobby where dinner
People text about me
Should I dab?
Gurt and I worked out for a half hour so I can have a little cigarette
Whatever contract Spotify and big thief have with each other is annoying as fuck if I wanted to listen to shit like this id listen to Alex G
I wanna do sex tonight someone help me out
Gurts so mad at me for farting in the steam room
Thats how you know Reid and I are really in love because were constantly roast tweeting each others interests
Its happening again (upper lip sweat)
When I see a Go see a play. bumper sticker I know its going to be a bad day
Sitting in front of my space heater texting boys
You have to smoke the perfect amount of weed to forget youre hungry
Limp dick 2020
Why would I choose to go out after working 12 hours straight is a question to ask but not to answer
Ive been working for 12 hours straight and this man just goes hope you dont plan on leaving anytime soon
Fuck it bitch about work tweet
To see the sun shine would be
Gurt is about to tweet, Ive decided I know enough people.
Maryland st. Smells like a candy necklace right now.  Bobby confirm
Muting people from watching my Instagram stories gives me power
Fuck it drunk at work
The picture of me wrapped around mark with Bobby looking serene behind us is a gift
Head? Throbbing
I know what its like for my mars to be in Sagittarius
Wait Im dealing with it
I smell gurt on me wtf is that about
I really have to poop and its like this car in front of me doesnt even care
Was blessed with the best possible parking spot at work things are looking up 
When I have an hour break between school and work Im contractually obligated to drink a beer and smoke a bong
Im a sad
Sometimes when I get really high my upper lip sweats
A Newport is like the same thing as having a mint
I dont want to go to work I just want to watch shahs of sunset
Someone come over and kiss me
Experiencing anguish ama
Talking about how much I love tequila with an old lady at Sams club
Driving in circles around this tobacco-free campus. I HATE IT HERE
Eating at a Jasons deli alone feeling so fucking sorry for myself
Begging Andrew to sleep in my bed just this once
Andrew curates my tweets this is a censored account
spire guy reaching out on his personal number I called that
Asking all my friends to extend the time limit on their sympathy
Leaving school to go get shitfaced before work
First day of class and no ones hot???? Fuck this
Hello to everyone who just witnessed me hit that car in the parking lot
Poppers before first day of class
Andrews been asleep shoes on feet on the floor with housewives of Atlanta on for three hours
Every night when I take my jeans off Im like, thats it
My body doesnt deserve my clean sheets
This is exactly what my Uber driver said you would say!
On my best behavior in the DQ drive-thru
Wish I was that girl in that one smashing pumpkins music video
Andrew wants me to stop tweeting and just send them to him instead
Cant wait for it to be 12 am so I can refresh my costar and see what hell tomorrow is going to bring
Is it wrong to text boys?
Shots after work
Uh oh depresso mode
Back to tweeting things like everyday is torture
Im so cool but people do be forgetting
Opening my books again (for sex)
Shots before work
Whenever Im feeling like I need a little attention I walk into a schnucks
Just went to mass but I didnt get any blood
I think this guy in my dms would literally give me his organs if I asked
Telling an old man at work that I prefer he didnt record me on his iPhone
Im trying to date a professional Adam Driver impersonator
The Patagonia jacket stays on because this dumb bitch got her heat turned off. Who wants to have a sleepover
Cake or pie person?
Intrusive thought of the day: to err is human, to arr is pirate.
Girls who have blonde hair and brown eyes have gymnast vibes (me)
Someone tell me I look like Florence Pugh PLEASE
Im only painting self-portraits with instagram filters in 2020
When the girl who lives below me has a guy over its like,, not fair
Eating kimchi in bed 205am
Uh oh Im doing that thing again (poppers alone)
I remember a month ago when I had a butt 
Breaking my silence towards my ex like:
Nobody look at me at work tonight
I had three twins in my living room
When people can sleep in later than me,, hey thats not fair
Wake up Im dabbing
He tells everyone that hes from 3rd ward but hes from uptown
The guy I just passed jogging to Post Malones Rockstar is so hot
Im training Bobby at work today 
This is an emergency Im losing my ass
Has anyone seen the movie tusk?!
Theres cornhole at the Denver airport
My before flight meal was flamin hot ruffles and fruity pebbles
Just got kicked out of the air bnb tight
Im contractually obligated to listen to a jam band on a brewery patio while Im in town
Were crying and were sleeping. GOODNIGHT
Just passed the dorm where I lost my virginity
Me being in Fort Collins is just pointing at every ugly building and going thats new
People get mad when I dont remember their dogs name like honey, I do inhalants.
Im listening to stone temple pilots IDGAF
Whats this I hear bout a war
Brittanys sister single go smoke
Anyone who left their bed is braver than me today
I need to be put down like a dog
I projectile vomited a banana and then FaceTimed my ex
If I had done something crazy like wear a cowboy hat i wouldnt be waking up to these problems
The BO i have coming into the new year is INDICATIVE
The way people can just fall asleep.... incredible
Ive never been Tallahassee is a society Ive never been
2020 Im making a finsta for all the ass pics in my hidden folder
Having to work is tragic and people should be able to complain about it as much as they want. People who dont agree are evil send tweet
Uncut sims
I didnt make it to the show at foam cuz I got caught up talking about little women and cleaning out my bong
Using my vibrator on my lymph nodes to break up the mucus
I spilt soup in my bed and then I shit my pants I wish I was kidding
My dad just called little women a period piece about women on their period
My old Irish dancing studio is now a cbd kratom shop
Everyones just posting Instagram stories of dogs in pajamas and puzzles
Ive been sober since Friday and its not easy
Begging my brother to watch the housewives reunion but he says he wont watch it without his fianc 
Im watching jeopardy and Im horny
Asking the real questions, getting the real answers etc etc
I think Im using expired toothpaste
Should I make my family learn choreographed tiktok dances with me
Is it feed a fever starve a cold or feed a cold starve a fever? Either way Im on my 6th truffle and 2nd muffin of the morning
Carol can have a little ego death before the holidays
Im ready to take acid
My mom is shaming my brothers fianc for not knowing who Robert Redford is
Is there anything better than Barbra when youre sick?
Making my brother watch The Way We Were
Somebody shoot some prednisone in my ass and tell me Im going to be okay
My hobby is finding new ways to hurt my feelings
Putting hot compresses on my face and pretending Im in a movie per usual
If Im going to do something like use a netty pot I absolutely need someone to play the role of cheerleader for me.
Fells good t poop
You ever go on Venmo to purposefully hurt your own feelings
Carol can have a little juul while taking a poopy at work
Can I get a lil punk/indie discord on my tl please
Carol can have a lil juul after work as a treat
Asking all my bosses if I should get an OnlyFans
Marathon juuling cuz I got to work 20 minutes early
Can someone fuck me over so I have something to bitch about please?
My therapist is so bored with me now that Im actually happy this week
I could have gone to q-tip and spent a minute on a hotdog
I have such virgin horse girl energy. Does anyone know what to do for that?
Last night after the show the bartender put on Spirit in the Night and we sang it together so yeah, there is room in the scene for me
I love Bobby
Anyone want to love me and treat me tight?
Hey punks Im on the way
I just had a high schooler open the door to my studio and yell woah! someones in here! It felt nice to be noticed 
Just purged everyone from my Netflix account Im trying to fight
Did you just tell me to turn off that gay shit and then put on Peter Gabriel?
Im shadowbanned on tinder
I could have learned a new trade skill with the amount of time Ive wasted playing house of dead 2
Im gonna smoke weed even if its bad for my sinuses. I dont be feeling like myself
I was trying to be nice but I need to mcFreakin chill
I havent actually cooked a meal in 2019. The closest Ive come is cutting limes for my vodka sodas.
Marriage story was 100% the worst movie I have ever seen
I think it would be really hot if I dressed up like a Who all year round
I guess I cant stop thinking about how my therapist has never seen The Way We Were
We talked about my hair and then I explained the plot of The Way We Were to her and it was good to go and its always good to go
I DESPISE the girl who lives below me
I dont want to go to therapy cuz I dont want to talk about my hair
Three people in this target are crying
Was Becky addicted to laxatives? Or is this another one of my false memories
Hey everyone help me work out my issues (my sinus infection)
I miss Becky from Beckys carpets. I hope shes okay
Hey quick q! How cum the throat coat tea didnt coat throat???
9:56 am Im eating Taco Bell in the Whole Foods parking garage
I hate how hot I am :(
Who tf is Sandy ( alex g)
My right nostril is serving a classic, olive green snot color, but my left.... neon yellow! Girls, this is ridiculo https://t.co/ZfGTjIkptS
Me and Spotify are like new friends. Were just getting to know each other. They think they know but they have no idea
Wait how long has Spotify existed
Im perfect absolutely no room for improvement
Do you think the person who sent the head space text is in a good head space?
Suffering through the first 30 minutes of work until @thotify_premium brings me deodorant
If Im acting out its cuz Im acting out
Asking Andrews parents to bring me back z-paks from Mexico anyone need one
Sinus infection of the century
Out with my parents and crying about how meet-cutes dont happen in real life
Me and my brain fight like sisters
Begging for a manic upswing
Gonna go sit in a bread co and silently cry
Gonna do something dumb like spend $6 to watch The Way We Were tonight
I could fill a quart container with the amount of phlegm that has come out of my body this morning and here I am se https://t.co/XJHM1SdRuX
I want a baby
I hate Obama
I guess people dont really come out to celebrate you unless you get married
People get outraged when they see me use a gluestick on my eyebrows
Gotta bring a few pocket tissues with me to the club because mommas got mucus
Currently straightening my hair
Im just gonna fuck myself right up and drink a twisted tea in the shower
Wow do not plan birthday events for yourself if you are sensitive and expect your friends to not all bail on you 
My familys mad Im throwing myself a birthday party tonight and not going with them to Santas magical kingdom
Todays more of an Instagram day for me just FYI
Block your exes on all platforms
Breathing out of my mouth and giving into the vice that is Sex and the City
Doing poppers with a sinus infection is actually terrible but I had to find out
Is mangia doing karaoke tonight
My family all collectively dunking on my ex
Cant wait to straighten my hair tomorrow
My brother just admitted he drove by our old house listening to Elliott Smith this morning 
Im like this because i mixed Sudafed with red wine
Okay this is what happens when you tweet about sex. Now I know
There are a million guys (about 5) who would be happy to have sex with me but they dont live here
The hardest thing Ive ever had to do was find someone to have sex with me in St. Louis
Why are holidays such horny times? It shouldnt be like this
People could be paying me more attention
My grandma just told me that she worried my dad would shake me too hard when I was a baby because he was so depressed
My grandma is the Kim K of our family
So glad my fashionable cousins are not in town. I am not the Kim K of my family
My moms mad at me because I took too long of a poop as soon as the family arrived
I cant wait to be my sluttiest self tomorrow. Will one of my friends help dress me @theminism69 @thotify_premium
If I treat my body really good for one more day then I can treat my body really bad tomorrow
My family makes me feel.... bad
I hate it here
I was raised mean
Now were making fun of my uncles book
My dad thinks my cousin isnt fun anymore since he had a kid
My family is pro Tulsi 
Would i look good in a kappa jumpsuit
Masturbating with a sinus infection makes me so dizzy send tweet
This view of myself haunts me. Why would my part line disrespect me like this?
Found an acquaintances boyfriend on tinder. I took screenshots but I think Im just gonna let him be
I havent had sex since libra season but Im swiping on tinder as I wait for them to insert the rod in my arm...heres hoping
Im getting the rod reinserted in my arm aha
Will be starting every conversation with Ive been better today
I look terrible and the only other people in this doctors office are the mom and sister of my grade school bully
My holes are filled with snot
I really take breathing out of my nose for granted
I can never read the word biopic right I always say biopic
Exercising my right to pick fights on tinder
Im a lesbian with a car is the most powerful statement Ive heard here
Telling every guy at the bar they did great at the show as a pick up line
In the club with a shopping bag
If youre going to do a stand up routine about doing poppers and crying to tove lo alone... consult me first
He got her engagement ring off Facebook marketplace
I have my first reply guy!
New York is great because everyone is as angry as me
I keep looking at people in the eyes  and thinking you do want to have sex with me
Tinder in the big city, people write songs about this
That guy on the guitar for sure makes French fries @JennaTalls2
Can I get the tiny tiny Titos
This might be a bad tweet so Im gonna say it loud
Gurt and their new wife are annoying me anyone else
Sorry I didnt tweet today thanks for being funny aha
Im in a taxi in New York... chic
Last time I was in New York I got my period for the first time in Chinatown
Twitters more of a morning thing huh
Fuck a birthday
Gonna be burpin up all these IPAs at work. Manager will raise an eyebrow but kindly wont say anything.
Can I take poppers on my flight
Cried while watching the new episode of Real Housewives of Orange County again this morning
Havent had a sip of water this morning but my popper game is strong
Asking for ugly amounts of attention today
Everyday is torture
Unfair that I have to bring my acne with me to New York
Just gave the cashier at schnucks a $10 for my six pack and she handed me back 2 $5s for my change. Its a win for me tonight folks
Its gonna be a fuck no, not even a maybe from me dawg
Cant stop using the phrase dunking on my haters
My happiest moment today will probably be cleaning my ear holes with a q tip
Today is torture
Saw my first Buttigeg 2020 sign in Fox Park today 
You can tell Gurts getting laid because of how clean their room is rn
Not only is Gurt cheating on me but theyre also cheating on Dyna 
Dear god please send me a boner
Why have I been stripped of the power to mute people on Instagram?
All my friends better be nice to me today because you were all assholes in my dream just now
Just reheated a cheesy gordita crunch 
Hung safe and free @backonma
Did you know that if you commit murder and plea insanity, if you say the devil told you to kill you cant plea insanity
Might fuck around and put myself in a situation
I just showered and ate a good meal so Im ready to start my day
A guys favorite thing is to message me on tinder and then be 297 miles away three hours later
Is anyone being funny today? I could use a laugh hah
On my third day of it (straight hair)
Im just driving
You know what wavy hair is good for? Hiding dandruff
Realizing Im actually kind of having a good month???
Cant wait to bring my manic lil ass to work
Therapy was great. Jenny said its the best Ive ever looked. (Straight hair)
Repeating the phrase calm cool and collected until it becomes reality
Me to my therapist: sorry I was late I was too busy tweeting about how I was going to be late
I was told that if you straighten your hair you can drink without consequence
Hope to stop throwing up in time for ther
My head? Hurting
I would love an angel to kiss both of my eyelids right now
Okay wow interesting development..I straighten my hair and am still treated like shit
Its 12:06 wheres my @thotify_premium
Wow people treat people with wavy hair like shit. And I know this because my hair is straight now.
Uh oh Im doing that thing 
would love someone to take me out to like a $150-$200 type meal tonight. I straightened my hair.
Wait tonight is the night people go out to get laid right
Regressing into my middle school self by straightening my hair every Friday night
All my life searching for a carvana vending machine
On my 10th hour of 90-day Fiance
Drinking red wine and inhaling poppers as I watch the snow fall. Might order a pizza for the 5th time this week
I have hemorrhoids and high chol
Angela shoots outs of bed: was I supposed to tip the flight attendant??
Angela has  made like 7 friends in her short time and just told the cashier at schnucks that she was going to pinch his nipple
Only an hour in town and Angelas already begging to see my hemorrhoids
Twitter is where my friends are
Judy BE GONE Jones
My therapist perfectly summarizing why I act the way I act and me clapping and saying wow, you should get paid for this!
This guy is being mean to me AND stealing my jokes
Do i have time to masturbate and pick up cigs before work?? The answer is yes!
Told my therapist I had sex while watching jeopardy last night. I hope she likes me
Last night sucked thank you to everyone who made it possible!
How many hours do you spend crying a day? Beginning to think my answer might be a lilllll abnormal
Had poppers all night and never even once. Thats fucked up!
Have two drinks, watch my ex make out with his gf, leave in tears: the plot of every night out
texting everyone sorry about tonight
Damn I hate how hot I am
I look so fucking hot today :(
Reporting everyone on tinder who tells me I dont have a fat ass
I could watch eyebrow grooming videos for the rest of my live laugh love life
My Siri suggestions are do you want to create a new tweet or text your mom?
Whenever I see a guy named Lawrence Im like that sounds right
Yes Snapchat memory, please ruin my entire day
Very happy with my body, couldnt imagine it being better
Sex appeal, the cause
Im in a neighborhood where every street is like summer chase summers end and Indian summer. Like calm tf down I miss it too
Burning a pumpkin spice candle and railing lines of adderall
My opening line on tinder: I think Ive seen you out before and said would
Toilets are beautiful and sexy, stop that!
Lighting cigs up at the gas pump cuz Im a bad boy
Life is just one dragged out performance piece
My body is sore after performatively falling out of a window while watching my ex make out with his gf last night
What if one of my friends brought a hot, single person that Ive never met before to this party? Jk!! Unless.........
So depressed Ive started believing in god again
Theres nothing like leaving your house and seeing two boys who have rejected you at the coffee shop
My parents dont want me to leave eureka because theyre afraid Im going to kill myself hahahahahahaha
Mommy called the psychiatrist for me today
Whenever Im really sad I just play solitaire for like four hours straight and it doesnt help at all
I want to be a person who paints street lines
I would love some serotonin coursing through my veins right now
I wanna make money off of my bad decisions
Listening to podcasts on the pooper
Theres nothing like a bratty sub being a mommy
Had a dream that a crocodile ate a shark
A guy just told me I was built like a taquito on tinder
I just had a sex dream but it was just a guy hitting my cervix again and again until I said okay enough
All my friends running a train on my mental health
Reader, the shit came out with such force it splashed onto my shirt
I have bad politics and a perfect vagina
I respect Jeff
Shes posting her own tweets on her story. Shes unhinged
The L of my L
Big thief? More like chief keef
I think I was my funniest self when I was trying to make t-shirts that said I broke edge for an aperol spritz
Dont make me get high and cry to Joanna Newsoms entire discography today, respond to my text
the bong water from last night is now crisp and cool. Fall is magical
Oh okay cool cool cool no yeah
Yes Ive had McDonalds and taco bell today. No further questions
Who wants to date me? I have perfect politics and a semi-fat ass
My asshole has been waking me up at 8 am sharp
When you read a message a guy sends you to your friends and they all unanimously go ew dont respond to that.
Can someone hang out with me so I can stop hanging out with my ex? Thank you
Youve changed. You probably dont even poop your pants anymore
I wish people could literally switch bodies for like a minute so my friends could come out of mine and be like dam
If hes YOUR boyfriend, why is he sending ME political discourse tweets at 4 am?
Pull your pants down nasty
Remember that study that came out that gen z-ers were growing little tails on the back of their skulls because of their phones....yeah
Told my therapist that things arent going good but Im happy to be pooping solidly again
Hot but having an allergic reaction
Every person who has told my ex that hes gotten hotter since weve broken up is in the same category as Ellen now.
Thinking about buying a map of St. Louis and sticking pins in every place Ive cried at
Having a panic attack in a high school as a 25 year old
I LOVE the word copasetic
Me on the first night staying over: So how many people have you had sex with since you last washed your sheets?
I want you back, your girlfriends prettier than me is a common theme in so many songs and Im grateful for that
Wieners look like their owners
Sorry to my downstairs neighbor for playing Cocteau twins at this hour 1:56
Why isnt there a place to go out in stl where they play tove lo and everyone is wearing knee high leather boots and short skirts?
Listened to new angel Olsen and didnt feel anything so its back to crying to tove lo I guess
Had dark mode on for about 15 minutes this morning but Im really just not that person
Everyone: When you stop trying the right person will come into your life.
All the dudes Ive been sending nudes to got girlfriends now 
Someone at the punk show last night smelled like Garnier Fructis but no one would cop to it
Had sex with a guy last night and after he made me take him to the ER because he supposedly broke his arm (he did)
Peck minus
Im writing an artist bio god my life is boring and Im just a privileged white girl dont make me type it out
Whats the German word for when theres two people at a function that you want to sleep with but you dont want it
Writing an artist bio? When youre depressed? Tortuous
Over here intently watching commercials, not looking at my phone, like a maniac
Terrible morning sorry about all this
Why arent there any Dunkin Donuts in this city
Sometimes I tweet and say damn Im funny and sometimes I look back and say no I wasnt
Im over reading ugly ass format memes
Is there not a lyric that says youre addicted to what this dick did ?
Tove lo lyrics are relatable
People get in a relationship and get excited about dumb shit like making chili. When I get in a relationship, no chili
I just want to gain weight with my ex again
Youre just a girl from creve couer you cant break my heart
I bought handcuffs but then remembered I dont have a headboard
The only people I saw today on my sacred day off were my mom and dad
Do you want a mom or do you want a boss? Because, I,  just want to play a role
I want a disgusting vile little man baby bf by Halloween so we can go as Gerri and Roman
Yes I attempted to shoot my shot with someone before 10 am today
Two people I follow on Instagram are, Shandi from season 2 of antm AND her ex-boyfriend that she *iconically* cheat https://t.co/LCC7JOAtqC
My friends hate it when I ask them to feature me in their Instagram stories
You are a mean girl and you are in high school and while you are in high school I am in Brooklyn
Okay Ive already done the NYT daily mini, looked up meriam Websters word of the day, scrolled through my entire t https://t.co/W1T1hoiv1r
Sharing your location is my love language
Just once Id like to eat a meal and not have to lay down for an hour afterwards
I was bad princess so now Im alcoholic Andrew
Me: eats one bite of food.  well, thats enough of that
People are really out here confusing me with someone whos fun and carefree
When you have a panic attack so you call out of work but then you start feeling much more calm as it gets closer to https://t.co/giIpMJQuEl
I just bought $20 worth of mussels, ate 1/4 of them, then threw them all up 20 minutes later. Im really good at saving money.
I need someone to want to fuck me right now because Im very fuckable and I want to fuck
I really dont like when people break up and...move on
Me finding a half-drank la croix next to the toilet is a present
Me telling my ex I love him and him telling me that my brain is broken and I need medication
I cried to my ex today and he comforted me by saying my life wasnt that bad and that I needed to get on medication
Anyone wanna fuck around and listen to me bitch and whine?
The point in a breakdown when you start taking selfies like you didnt just cry for two hours straight
The feelings of not wanting to call any of my friends because I dont want to bug them, but also wanting to scream https://t.co/VHvrVVjY52
My Juul always dies on Kingshighway
If youre not texting two of your exes while listening to normal fucking Rockwell for the first time are you doing it right
Im eating veep and watching croutons
I follow textsfromyourex on Instagram and Im coming to the conclusion that I think Im the ex
I like holding my juul more than I like smoking it
Im in a depressive state trying to hype myself up to get a smoothie and go to a thrift store
Im making the first move by posting stories on instagram and giving you something to talk to me about
Im listening to mitski to purposefully put myself throughette
Me showing a guy who I asked over for sex how to use my waterpik is foreplay and I wont have anyone tell me otherwise
I dont like staying in on full moons
Do you ever not go to a function for the sole reason of wanting to be missed?
Im listening to van morrison and not taking things personally tonight
I want to make an announcement that me and my ex are not back together, we are, and say it with me, just enjoying each others company
I hate pooping with shoes on
Just sleep with him long enough for him and I to become friends. I need more guy friends and I think your pussy is the way to them.
I hate aesthetic instagrams!!!
Coffee culture: OVER!
Muted colors/blurry selfies: OVER!
If were counting, Ive cried reading  one tweet and two Instagram posts  today
Now what
I worked out and I still feel crazy now what
Yes Ive been bleeding for 11 days straight
WOOWWWWWW Im a sad
First poo of the day at 5:35 pm after a whole day of international is BAD
Hope my neighbors are happy to have their places smelling like the usual dirty bong water again :)
I just want a new crush in time for Lana album at the end of August
My last tweet does NOT mean Im not a girls girl. It just means Im pathetic.
The angsty girl at the airport getting attention from the ONE cute boy on this flight is dead to me 
Just had an ugly dude tell me I didnt say my name in a sexy enough way so yeah Im going through it.
Do I want to pick my face until it bleeds or masturbate until my back hurts?
Me to all my exes: YOU'RE BETTER THAN ME
My 5-year projected goal is to be successful enough that someone pays for me to go to Miami art Basel.
I want an Angelina-Billy Bob romance right now
Your dad is rich and your ma's so good looking babe
Red brick pre-war duplexes and Busch beer
This eclipse has me feeling some type of way. Like has anyone else been repeating, 'In the shadow of the moon' inside their head all day?
I think dudes can literally sniff out when you're making good progress getting over them. Imma mind my business tho and get back to Ozark
Why do I always want to fuck a firefighter when they're out fighting fires
Hitting up old hookup buddies because I'm *insecure* and want to solidify a hookup for this trip.
Desperately needing love and attention but finding EVERYONE unattractive
I didn't smoke today and I didn't know what to do so I just stayed in my bath until the water turned cold
I'm pretty sure masturbating as frequently as I do counts as a workout routine
I'm that dumb bitch with the AC on blast and and all the windows rolled down.
Doing literally nothing all day except for tanning, reading and switching back and forth between Instagram and tinder for a solid two hours
What's it like to not be addicted to smoking?
Listening to old songs, looking at old photos, thinking old thoughts
Before getting serious with a guy you should take the time to smell his bath towel. Helps you realize things.
I'm seeing other people. I just like you best because you're the one not paying any attention to me